year,us_stocks,intl_stocks,us_small_value,tsy_10y,tbill,gold,cpi,gold_annual_avg,cta_index,aqr_tsmom
1971,0.142212,0.312100,0.144058,0.097869,0.043343,0.166934,0.032663,0.141860,,
1972,0.187554,0.376000,0.067351,0.028184,0.040618,0.487850,0.034063,0.421589,,
1973,-0.143080,-0.141700,-0.274228,0.036587,0.070354,0.729584,0.087059,0.673352,,
1974,-0.259018,-0.221500,-0.190499,0.019886,0.078458,0.661470,0.123377,0.636130,,
1975,0.369951,0.371000,0.585646,0.036053,0.057864,-0.247989,0.069364,0.010466,,
1976,0.238310,0.037400,0.605012,0.159846,0.049766,-0.040998,0.048649,-0.224210,,
1977,-0.069797,0.194200,0.222613,0.012900,0.052610,0.226394,0.067010,0.182557,,
1978,0.065093,0.343000,0.220339,-0.007776,0.071783,0.370112,0.090177,0.308473,,
1979,0.185195,0.061800,0.385448,0.006707,0.100543,1.265487,0.132939,0.588054,,
1980,0.317352,0.244300,0.225069,-0.029897,0.113919,0.151855,0.125163,0.981468,0.636900,
1981,-0.047024,-0.010300,0.171404,0.081992,0.140362,-0.325986,0.089224,-0.243625,0.239000,
1982,0.204191,-0.008600,0.396360,0.328145,0.110900,0.156226,0.038298,-0.182708,0.166800,
1983,0.223372,0.246100,0.480989,0.032002,0.089500,-0.167972,0.037910,0.124640,0.237500,
1984,0.061461,0.078600,0.074383,0.137334,0.099200,-0.193776,0.039487,-0.146914,0.087400,
1985,0.312351,0.567200,0.319729,0.257125,0.077200,0.060006,0.037987,-0.117892,0.255000,0.387657
1986,0.184946,0.699400,0.148178,0.242842,0.061500,0.189565,0.010979,0.156447,0.038200,0.270403
1987,0.058127,0.249300,-0.063802,-0.049605,0.059600,0.245273,0.044344,0.213913,0.572700,0.277355
1988,0.165372,0.285900,0.298905,0.082236,0.068900,-0.152551,0.044194,-0.020907,0.217600,0.173325
1989,0.314752,0.108000,0.168134,0.176936,0.083900,-0.028397,0.046473,-0.127285,0.018000,0.378618
1990,-0.030645,-0.232000,-0.241721,0.062354,0.077500,-0.031109,0.061063,0.005376,0.210200,0.257854
1991,0.302348,0.125000,0.406364,0.150045,0.055400,-0.085577,0.030643,-0.055411,0.037300,0.164484
1992,0.074937,-0.118500,0.358165,0.093616,0.035100,-0.057341,0.029007,-0.051300,-0.009100,0.234496
1993,0.099671,0.329400,0.261596,0.142110,0.030700,0.176780,0.027484,0.046557,0.103700,0.383875
1994,0.013259,0.080600,0.014144,-0.080367,0.043700,-0.021698,0.026749,0.067424,-0.006500,0.008369
1995,0.371952,0.115500,0.334607,0.234808,0.056600,0.009785,0.025384,0.000651,0.136400,0.201828
1996,0.226810,0.063600,0.251019,0.014286,0.051500,-0.045866,0.033225,0.008894,0.091200,0.336074
1997,0.331037,0.020600,0.396164,0.099391,0.052000,-0.214083,0.017024,-0.145560,0.108900,0.330249
1998,0.283380,0.203300,-0.038226,0.149214,0.049100,-0.008270,0.016119,-0.111978,0.070100,0.476067
1999,0.208854,0.273000,0.087376,-0.082542,0.047800,0.008513,0.026846,-0.052139,-0.011900,0.092293
2000,-0.090318,-0.139600,0.242413,0.166553,0.060000,-0.054436,0.033868,0.001037,0.078600,0.179442
2001,-0.118498,-0.212100,0.234273,0.055722,0.034800,0.007469,0.015517,-0.029407,0.008400,0.218911
2002,-0.219660,-0.156600,-0.090492,0.151164,0.016400,0.255696,0.023769,0.144615,0.123600,0.312485
2003,0.283558,0.391700,0.640515,0.003753,0.010300,0.198877,0.018795,0.172849,0.086900,0.250638
2004,0.107428,0.207000,0.186239,0.044907,0.014000,0.046486,0.032556,0.125372,0.033000,0.144758
2005,0.048345,0.140200,0.092230,0.028675,0.032200,0.177686,0.034157,0.087169,0.017100,0.192448
2006,0.156126,0.268600,0.216750,0.019610,0.048500,0.231969,0.025407,0.358749,0.035400,0.171905
2007,0.054847,0.116300,-0.138063,0.102099,0.044800,0.319225,0.040813,0.152626,0.076400,0.186697
2008,-0.365523,-0.430600,-0.337524,0.201013,0.014000,0.043178,0.000914,0.251316,0.140900,0.263382
2009,0.259352,0.324600,0.310511,-0.111167,0.001500,0.250359,0.027213,0.116106,-0.001000,-0.097752
2010,0.148211,0.082100,0.262066,0.084629,0.001400,0.292414,0.014957,0.258694,0.070500,0.127358
2011,0.020984,-0.117300,-0.077234,0.160353,0.000500,0.120242,0.029624,0.281301,-0.030900,-0.000403
2012,0.158906,0.179000,0.215083,0.029716,0.000900,0.056843,0.017410,0.063994,-0.017000,-0.000720
2013,0.321451,0.232900,0.428107,-0.091046,0.000600,-0.276142,0.015017,-0.154480,-0.014200,0.183030
2014,0.135244,-0.044800,0.036502,0.107462,0.000300,0.001245,0.007565,-0.103483,0.076100,0.191245
2015,0.013789,-0.003900,-0.096005,0.012843,0.000500,-0.121061,0.007295,-0.082834,-0.015000,0.181980
2016,0.117731,0.015100,0.365742,0.006906,0.003200,0.081038,0.020746,0.076028,-0.012300,-0.108386
2017,0.216055,0.256200,0.091074,0.028017,0.009500,0.126625,0.021091,0.006805,0.007000,0.076170
2018,-0.042269,-0.133600,-0.125714,-0.000167,0.019700,-0.009295,0.019102,0.009344,-0.031700,-0.072106
2019,0.312117,0.226600,0.146418,0.096356,0.021100,0.190774,0.022851,0.097170,0.051700,0.053158
2020,0.180232,0.082800,0.041292,0.113319,0.003600,0.241694,0.013620,0.271199,0.054300,-0.063982
2021,0.284689,0.117800,0.424342,-0.044160,0.000400,-0.037544,0.070364,0.016570,0.050300,-0.045203
2022,-0.180375,-0.140100,-0.062527,-0.178282,0.020900,0.005494,0.064544,0.000648,0.071300,0.272882
2023,0.260607,0.188500,0.123763,0.038800,0.052800,0.132621,0.033521,0.078856,-0.003900,-0.033420
2024,0.248786,0.043500,0.091148,-0.016372,0.051800,0.259570,0.028881,0.228971,0.034500,0.087227
2025,0.177237,0.318900,0.115117,0.077955,0.042100,0.662158,0.026771,0.441427,0.031000,0.059872
