month,us_stocks,intl_stocks,us_small_value,tsy_10y,tbill,gold,cpi,aqr_tsmom,tips_10y,tips_synth,tips_fund
1971-01,0.052100,,0.127744,0.035604,0.003700,0.017924,0.000000,,,0.038428,
1971-02,0.017400,,0.022959,0.001402,0.003083,0.019711,0.002513,,,0.000023,
1971-03,0.044200,,0.046852,0.051203,0.002817,0.002062,0.002506,,,0.059948,
1971-04,0.034300,,0.034681,-0.035905,0.003217,0.021091,0.002500,,,-0.044713,
1971-05,-0.037000,,-0.050099,-0.016731,0.003450,0.028715,0.004988,,,-0.019313,
1971-06,0.002800,,-0.023642,-0.017599,0.003958,-0.018119,0.007444,,,0.010495,
1971-07,-0.040900,,-0.059499,-0.005086,0.004500,0.057357,0.002463,,,-0.008368,
1971-08,0.042600,,0.065203,0.047313,0.004117,-0.041274,0.002457,,,0.055498,
1971-09,-0.004900,,-0.020369,0.025934,0.003908,0.047970,0.000000,,,0.027024,
1971-10,-0.040500,,-0.065731,0.014669,0.003717,-0.006103,0.002451,,,0.015838,
1971-11,-0.000900,,-0.039833,0.000441,0.003517,0.029759,0.000000,,,-0.003966,
1971-12,0.090800,,0.121314,0.007914,0.003342,0.000688,0.004890,,,-0.080862,
1972-01,0.027600,,0.103472,-0.009817,0.002817,0.080678,0.000000,,,-0.014679,
1972-02,0.031200,,0.026374,0.008765,0.002667,0.022269,0.004866,,,0.011684,
1972-03,0.008900,,-0.004566,-0.000849,0.003108,0.003734,0.002421,,,-0.001916,
1972-04,0.005800,,0.004767,0.003631,0.003092,0.025217,0.002415,,,0.003260,
1972-05,0.015900,,-0.026749,0.011755,0.003075,0.198589,0.002410,,,0.012671,
1972-06,-0.021400,,-0.031227,-0.002301,0.003258,0.087468,0.002404,,,0.046026,
1972-07,-0.004900,,-0.021148,0.007331,0.003317,0.056458,0.004796,,,0.009534,
1972-08,0.035600,,0.026006,-0.016658,0.003350,-0.020791,0.002387,,,-0.021449,
1972-09,-0.008000,,-0.031779,-0.003306,0.003883,-0.040072,0.002381,,,-0.005599,
1972-10,0.009200,,-0.011508,0.014883,0.003950,0.002960,0.004751,,,0.018437,
1972-11,0.049700,,0.064213,0.014830,0.003983,-0.012269,0.002364,,,0.015982,
1972-12,0.009900,,-0.023050,-0.004199,0.004225,0.020440,0.002358,,,-0.017757,
1973-01,-0.028300,,-0.036643,-0.004035,0.004508,0.016949,0.002353,,,-0.006314,
1973-02,-0.044300,,-0.058529,-0.001731,0.004667,0.287879,0.007042,,,0.001057,
1973-03,-0.008400,,-0.012461,-0.000903,0.005075,0.058824,0.009324,,,0.004297,
1973-04,-0.051600,,-0.049989,0.007757,0.005217,0.008111,0.006928,,,0.012181,
1973-05,-0.024600,,-0.074077,-0.010717,0.005300,0.264742,0.006881,,,-0.009780,
1973-06,-0.010600,,-0.027099,0.005067,0.005992,0.074074,0.006834,,,0.061646,
1973-07,0.056800,,0.090446,-0.028175,0.006675,-0.062069,0.002262,,,-0.036611,
1973-08,-0.031200,,-0.040413,0.018767,0.007225,-0.104671,0.018059,,,0.036386,
1973-09,0.054200,,0.085330,0.030880,0.006908,-0.033816,0.002217,,,0.035052,
1973-10,-0.001800,,0.008956,0.019350,0.006017,-0.020000,0.008850,,,0.027856,
1973-11,-0.122200,,-0.161470,0.007025,0.006525,0.030612,0.006579,,,0.010504,
1973-12,0.012300,,-0.014542,-0.009328,0.006208,0.111386,0.006536,,,0.093082,
1974-01,0.004700,,0.138007,-0.001315,0.006475,0.180401,0.008658,,,0.000899,
1974-02,0.001200,,0.019282,0.005127,0.005933,0.226415,0.012876,,,0.013435,
1974-03,-0.022600,,0.004541,-0.021904,0.006633,0.064615,0.012712,,,-0.021789,
1974-04,-0.045300,,-0.035822,-0.010975,0.006942,-0.021676,0.004184,,,-0.016035,
1974-05,-0.039500,,-0.068872,0.016047,0.006858,-0.073855,0.012500,,,0.027057,
1974-06,-0.022400,,-0.011415,-0.001973,0.006583,-0.079745,0.008230,,,0.172003,
1974-07,-0.073600,,-0.030654,-0.010610,0.006292,0.081456,0.008163,,,-0.015254,
1974-08,-0.087900,,-0.073743,-0.008220,0.007467,0.000000,0.012146,,,-0.008035,
1974-09,-0.109800,,-0.074600,0.018277,0.006717,-0.030449,0.012000,,,0.029189,
1974-10,0.166200,,0.080104,0.016848,0.006217,0.104132,0.009881,,,0.025090,
1974-11,-0.039900,,-0.055914,0.016791,0.006225,0.101796,0.007828,,,0.022991,
1974-12,-0.027400,,-0.076126,0.023022,0.005958,0.013587,0.007767,,,0.039789,
1975-01,0.142500,,0.305559,-0.002803,0.005217,-0.057373,0.003854,,,-0.008581,
1975-02,0.059900,,0.037207,0.011120,0.004583,0.033845,0.007678,,,0.014894,
1975-03,0.030700,,0.083486,-0.030935,0.004575,-0.024759,0.003810,,,-0.048198,
1975-04,0.046600,,0.031393,-0.013325,0.004675,-0.057828,0.003795,,,-0.023550,
1975-05,0.056400,,0.069734,0.025139,0.004358,0.000000,0.005671,,,0.032347,
1975-06,0.052800,,0.063207,0.012116,0.004450,-0.004491,0.007519,,,-0.120142,
1975-07,-0.061200,,-0.025385,-0.009444,0.005108,0.002707,0.011194,,,-0.007893,
1975-08,-0.023600,,-0.065818,0.005495,0.005367,-0.041392,0.001845,,,0.002285,
1975-09,-0.037300,,-0.035465,-0.010355,0.005350,-0.116083,0.005525,,,-0.014674,
1975-10,0.058800,,0.019756,0.045739,0.004967,0.011681,0.005495,,,0.058427,
1975-11,0.030600,,0.037761,-0.008856,0.004567,-0.033240,0.007286,,,-0.010954,
1975-12,-0.011200,,-0.008652,0.032736,0.004533,0.015201,0.003617,,,0.069133,
1976-01,0.126200,,0.248510,0.003740,0.004058,-0.086275,0.001802,,,-0.000262,
1976-02,0.006500,,0.121275,0.008548,0.004067,0.032384,0.003597,,,0.007893,
1976-03,0.027200,,0.018129,0.014021,0.004167,-0.020408,0.001792,,,0.013337,
1976-04,-0.010700,,-0.013028,0.005698,0.004050,-0.009259,0.003578,,,0.004132,
1976-05,-0.009700,,-0.034759,-0.013240,0.004333,-0.022586,0.007130,,,-0.017482,
1976-06,0.044900,,0.038534,0.013433,0.004508,-0.013546,0.005310,,,-0.000128,
1976-07,-0.005900,,0.007199,0.006550,0.004358,-0.091276,0.005282,,,0.007066,
1976-08,-0.001500,,-0.014108,0.020270,0.004283,-0.075556,0.005254,,,0.025105,
1976-09,0.025000,,0.023287,0.013966,0.004233,0.115385,0.003484,,,0.015072,
1976-10,-0.020100,,-0.021394,0.015305,0.004100,0.061638,0.005208,,,0.018618,
1976-11,0.007600,,0.039030,0.035136,0.003958,0.057653,0.001727,,,0.041273,
1976-12,0.060500,,0.101621,0.020093,0.003625,0.032630,0.003448,,,-0.019390,
1977-01,-0.036700,,0.030833,-0.035269,0.003850,-0.016357,0.005155,,,-0.046318,
1977-02,-0.015900,,-0.000111,0.002705,0.003892,0.078987,0.010256,,,0.007567,
1977-03,-0.009700,,0.002349,0.008288,0.003833,0.043082,0.006768,,,0.011282,
1977-04,0.005300,,0.024117,0.004106,0.003783,-0.011081,0.008403,,,0.007525,
1977-05,-0.011000,,0.006160,0.011070,0.004133,-0.029202,0.005000,,,0.013091,
1977-06,0.051200,,0.068601,0.018753,0.004183,0.000350,0.006633,,,0.094788,
1977-07,-0.012700,,0.004458,-0.009254,0.004325,0.007692,0.004942,,,-0.014455,
1977-08,-0.013200,,-0.015258,0.015951,0.004575,0.013185,0.003279,,,0.017506,
1977-09,0.001600,,0.009116,-0.002951,0.004842,0.055137,0.003268,,,-0.007707,
1977-10,-0.039000,,-0.018721,-0.008256,0.005133,0.048361,0.003257,,,-0.014811,
1977-11,0.045000,,0.080148,0.011175,0.005083,-0.008978,0.004870,,,0.012664,
1977-12,0.007600,,0.015843,-0.009403,0.005058,0.030615,0.003231,,,0.004518,
1978-01,-0.055100,,-0.011018,-0.004358,0.005367,0.065474,0.006441,,,-0.006906,
1978-02,-0.009300,,0.024750,-0.000129,0.005375,0.036984,0.006400,,,-0.001277,
1978-03,0.033800,,0.070626,-0.000685,0.005242,-0.003567,0.007949,,,-0.000512,
1978-04,0.084100,,0.071586,0.000773,0.005242,-0.059196,0.007886,,,0.001368,
1978-05,0.022700,,0.057948,-0.005076,0.005342,0.077846,0.009390,,,-0.005053,
1978-06,-0.011500,,0.003872,-0.006138,0.005608,-0.005973,0.010853,,,0.034479,
1978-07,0.056800,,0.060064,0.011140,0.005842,0.093963,0.007669,,,0.014744,
1978-08,0.043400,,0.084768,0.018427,0.005900,0.042197,0.004566,,,0.021656,
1978-09,-0.008200,,-0.006398,-0.004219,0.006542,0.040249,0.007576,,,-0.006419,
1978-10,-0.112200,,-0.188107,-0.018791,0.006658,0.117457,0.009023,,,-0.025038,
1978-11,0.034100,,0.044664,0.013976,0.007200,-0.202803,0.004471,,,0.015294,
1978-12,0.016500,,0.019786,-0.011259,0.007567,0.168563,0.004451,,,0.031587,
1979-01,0.049900,,0.095218,0.020593,0.007792,0.034071,0.008863,,,0.028802,
1979-02,-0.028300,,-0.019379,-0.006672,0.007767,0.075310,0.011713,,,-0.006865,
1979-03,0.064800,,0.085328,0.011505,0.007900,-0.044568,0.010130,,,0.017212,
1979-04,0.007300,,0.033135,-0.007705,0.007883,0.021658,0.011461,,,-0.008600,
1979-05,-0.013800,,-0.004329,0.026506,0.008008,0.119446,0.012748,,,0.041071,
1979-06,0.046500,,0.060467,0.023858,0.007550,0.010561,0.011189,,,0.176799,
1979-07,0.016000,,0.031825,-0.005593,0.007700,0.068288,0.011065,,,-0.008482,
1979-08,0.063100,,0.073189,-0.007220,0.007933,0.062911,0.009576,,,-0.012455,
1979-09,0.000000,,-0.010671,-0.004998,0.008550,0.260711,0.010840,,,-0.007910,
1979-10,-0.072300,,-0.114225,-0.069145,0.009750,-0.038389,0.008043,,,-0.106433,
1979-11,0.062100,,0.068615,0.029681,0.009825,0.088089,0.009309,,,0.042198,
1979-12,0.027300,,0.050725,0.011708,0.010033,0.231806,0.010540,,,0.103438,
1980-01,0.063000,,0.085159,-0.038716,0.010000,0.275391,0.014342,,,-0.059212,
1980-02,-0.003400,,-0.027072,-0.078929,0.010717,-0.024502,0.014139,,,-0.120819,
1980-03,-0.116900,,-0.174948,0.015052,0.012667,-0.223705,0.015209,,,0.024783,
1980-04,0.052100,,0.060807,0.123456,0.011000,0.047523,0.011236,,,0.190992,
1980-05,0.060700,,0.080593,0.040258,0.007150,0.033784,0.009877,,,0.060154,
1980-06,0.035900,,0.043049,0.018425,0.005892,0.220355,0.011002,,,0.038065,
1980-07,0.070400,,0.071822,-0.031836,0.006717,-0.060061,0.000000,,,-0.062424,
1980-08,0.023900,,0.037824,-0.036970,0.007608,0.027676,0.007255,,,-0.063471,
1980-09,0.029400,,0.010692,-0.008175,0.008558,0.056238,0.008403,,,-0.017724,
1980-10,0.019900,,0.028012,-0.023747,0.009683,-0.056618,0.009524,,,-0.040758,
1980-11,0.105600,,0.029810,-0.004040,0.011442,-0.014706,0.008255,,,-0.011670,
1980-12,-0.031500,,-0.011717,0.026874,0.012908,-0.048407,0.009357,,,0.087026,
1981-01,-0.040200,,0.021547,-0.003532,0.012517,-0.141162,0.008111,,,-0.012071,
1981-02,0.016800,,0.025971,-0.029891,0.012325,-0.034551,0.010345,,,-0.051468,
1981-03,0.048800,,0.076698,0.027566,0.011133,0.050613,0.006826,,,0.035372,
1981-04,-0.010800,,0.036383,-0.040545,0.011408,-0.060341,0.006780,,,-0.071272,
1981-05,0.012800,,0.016969,0.044574,0.013583,-0.007250,0.007856,,,0.062794,
1981-06,-0.009900,,0.013943,-0.007847,0.012275,-0.111111,0.008909,,,-0.157018,
1981-07,-0.003100,,-0.015150,-0.030102,0.012458,-0.046948,0.011038,,,-0.044022,
1981-08,-0.057400,,-0.048094,-0.024778,0.012925,0.046798,0.007642,,,-0.039621,
1981-09,-0.059500,,-0.049564,-0.008318,0.012250,0.008824,0.009751,,,-0.014341,
1981-10,0.061300,,0.058014,0.075516,0.011283,-0.004082,0.002146,,,0.096941,
1981-11,0.044700,,0.045525,0.094064,0.009050,-0.029274,0.003212,,,0.126257,
1981-12,-0.027600,,-0.014481,-0.033940,0.009042,-0.041013,0.003202,,,-0.127517,
1982-01,-0.024300,,-0.008403,0.003254,0.010233,-0.026415,0.003191,,,-0.079775,
1982-02,-0.049400,,-0.007474,0.017580,0.011233,-0.063049,0.003181,,,0.009252,
1982-03,-0.008400,,0.015557,0.003832,0.010567,-0.117485,-0.001057,,,-0.032765,
1982-04,0.043700,,0.040179,0.028255,0.010583,0.128906,0.004233,,,0.036651,
1982-05,-0.028700,,-0.014859,0.020095,0.010075,-0.099654,0.009484,,,0.025669,
1982-06,-0.021200,,-0.012973,-0.026444,0.010392,-0.023828,0.012526,,,-0.034645,
1982-07,-0.021500,,-0.010157,0.052632,0.009458,0.080000,0.005155,,,0.086247,
1982-08,0.119900,,0.080634,0.059490,0.007233,0.200058,0.002051,,,0.054367,
1982-09,0.018200,,0.050767,0.073016,0.006600,-0.035237,0.002047,,,0.090713,
1982-10,0.118900,,0.117911,0.071169,0.006425,0.066121,0.003064,,,0.056015,
1982-11,0.053100,,0.092224,0.004126,0.006725,0.030124,-0.002037,,,-0.049321,
1982-12,0.012300,,0.006494,0.035253,0.006617,0.047936,-0.004082,,,0.044296,
1983-01,0.042800,,0.050581,-0.017752,0.006550,0.093237,0.002049,,,-0.036527,
1983-02,0.032100,,0.069790,0.041491,0.006758,-0.182182,0.001022,,,0.057312,
1983-03,0.034400,,0.061907,-0.012587,0.006958,0.015300,0.000000,,,-0.039900,
1983-04,0.073700,,0.074204,0.030306,0.006842,0.034961,0.007150,,,0.048563,
1983-05,0.012000,,0.051106,-0.023810,0.006825,0.019220,0.006085,,,-0.043612,
1983-06,0.037400,,0.024692,0.000073,0.007325,-0.049143,0.003024,,,0.010652,
1983-07,-0.033200,,0.012254,-0.036989,0.007567,0.014423,0.004020,,,-0.037290,
1983-08,0.002600,,-0.003309,-0.002771,0.007783,-0.018365,0.003003,,,0.003781,
1983-09,0.016800,,0.039250,0.041524,0.007500,-0.022330,0.004990,,,0.056930,
1983-10,-0.026700,,-0.022163,-0.007777,0.007200,-0.056790,0.002979,,,-0.022792,
1983-11,0.028700,,0.043157,0.016159,0.007300,0.060209,0.001980,,,0.022445,
1983-12,-0.010400,,0.002822,-0.001236,0.007500,-0.055802,0.000988,,,-0.005709,
1984-01,-0.011600,,0.020497,0.018530,0.007417,-0.022620,0.005923,,,0.020585,
1984-02,-0.040600,,-0.034950,-0.011366,0.007575,0.054849,0.004907,,,-0.017939,
1984-03,0.013800,,0.023377,-0.017355,0.007933,-0.014585,0.001953,,,-0.016619,
1984-04,0.003000,,-0.000496,-0.005582,0.008075,-0.032690,0.004873,,,0.000630,
1984-05,-0.052000,,-0.043948,-0.047026,0.008192,0.022485,0.002910,,,-0.054404,
1984-06,0.025600,,0.010400,0.015308,0.008225,-0.029148,0.002901,,,0.034180,
1984-07,-0.019000,,-0.033759,0.062737,0.008433,-0.082295,0.003857,,,0.076100,
1984-08,0.111000,,0.093955,0.017397,0.008725,0.017234,0.003842,,,-0.003303,
1984-09,0.000600,,0.021749,0.028588,0.008642,-0.012922,0.004785,,,0.034674,
1984-10,0.001600,,0.002288,0.049548,0.008117,-0.029818,0.002857,,,0.041456,
1984-11,-0.010400,,0.001047,0.022021,0.007175,-0.013493,0.000000,,,0.006287,
1984-12,0.024800,,0.018887,0.011394,0.006717,-0.062918,0.000000,,,0.008955,
1985-01,0.086200,,0.090344,0.032067,0.006467,-0.005352,0.001899,0.049923,,0.041330,
1985-02,0.018000,,0.014572,-0.033097,0.006892,-0.061634,0.004739,0.044544,,-0.048187,
1985-03,-0.002100,,0.011902,0.024982,0.007100,0.144222,0.003774,-0.044870,,0.044554,
1985-04,-0.002400,,0.015356,0.023744,0.006625,-0.023994,0.004699,0.046035,,0.009838,
1985-05,0.057300,,0.032257,0.078753,0.006233,-0.022872,0.003742,0.070777,,0.093001,
1985-06,0.018200,,0.021822,0.010407,0.005792,0.011943,0.002796,0.018836,,-0.020117,
1985-07,-0.001000,,0.011820,-0.010832,0.005900,0.030685,0.001859,-0.023916,,-0.019258,
1985-08,-0.004600,,0.002684,0.026579,0.005950,0.017557,0.001855,0.066015,,0.040344,
1985-09,-0.039100,,-0.042507,0.006731,0.005917,-0.022506,0.002778,0.019318,,-0.001699,
1985-10,0.046500,,0.033837,0.027185,0.005967,-0.001995,0.003693,0.016430,,0.030679,
1985-11,0.070700,,0.062683,0.034839,0.006033,0.000615,0.002760,0.053204,,0.030745,
1985-12,0.045300,,0.031477,0.046165,0.005917,0.004611,0.002752,0.022434,,0.043085,
1986-01,0.012100,,0.024964,0.002342,0.005892,0.072521,0.002745,-0.020102,,-0.017267,
1986-02,0.076700,,0.070603,0.071400,0.005883,-0.035235,-0.002737,0.089360,,0.076587,
1986-03,0.055100,,0.053229,0.058151,0.005467,0.017300,-0.004575,0.091247,,0.028225,
1986-04,-0.007600,,0.004786,0.006853,0.005050,0.005087,-0.001838,0.010472,,-0.012946,
1986-05,0.051100,,0.033126,-0.039028,0.005125,-0.007375,0.002762,-0.038046,,-0.043147,
1986-06,0.015800,,0.018378,0.055394,0.005175,0.010344,0.005510,0.042021,,0.094824,
1986-07,-0.059100,,-0.059155,0.006821,0.004858,0.031002,0.000000,0.048994,,-0.017448,
1986-08,0.065300,,0.044528,0.033732,0.004608,0.076084,0.001826,0.028504,,0.034419,
1986-09,-0.081400,,-0.046342,-0.028829,0.004342,0.100078,0.004558,-0.036457,,-0.049446,
1986-10,0.051000,,0.016793,0.013862,0.004317,-0.052457,0.000907,-0.007805,,0.029689,
1986-11,0.015600,,0.005379,0.019450,0.004458,-0.028678,0.000907,0.042444,,0.013209,
1986-12,-0.027700,,-0.019110,0.000364,0.004608,-0.001926,0.000906,0.001409,,-0.008887,
1987-01,0.128700,,0.092023,0.009529,0.004525,0.030225,0.006335,0.069568,,0.017290,
1987-02,0.048100,,0.050916,0.005283,0.004658,0.013358,0.003597,0.044298,,0.005638,
1987-03,0.021000,,0.037428,-0.016107,0.004658,0.037329,0.004480,0.041020,,-0.029442,
1987-04,-0.016500,,-0.036084,-0.040612,0.004700,0.076603,0.005352,-0.002846,,-0.027748,
1987-05,0.004900,,0.007364,-0.011679,0.004717,-0.004964,0.003549,0.021422,,0.013410,
1987-06,0.043900,,0.038037,0.014386,0.004725,-0.008204,0.003537,0.003979,,0.010024,
1987-07,0.043000,,0.057371,-0.011401,0.004742,0.033982,0.002643,0.045652,,-0.010788,
1987-08,0.039900,,0.028311,-0.014781,0.005033,-0.019676,0.005272,0.015368,,-0.010769,
1987-09,-0.021300,,-0.013685,-0.032178,0.005333,0.013454,0.005245,0.045073,,-0.031118,
1987-10,-0.225900,,-0.278776,0.056802,0.005108,0.020239,0.002609,-0.099658,,0.074578,
1987-11,-0.074100,,-0.035039,0.000280,0.004742,0.050555,0.000867,0.050049,,-0.009898,
1987-12,0.072100,,0.045259,0.017920,0.004808,-0.017056,0.000000,0.024125,,0.023323,
1988-01,0.045000,,0.061895,0.045441,0.004842,-0.053914,0.002600,0.003440,,0.049590,
1988-02,0.052300,,0.072863,0.013594,0.004717,-0.069541,0.002593,0.010416,,-0.015943,
1988-03,-0.018200,,0.032021,-0.020225,0.004750,0.072275,0.004310,0.046358,,-0.027184,
1988-04,0.010300,,0.022978,-0.012378,0.004925,-0.017398,0.005150,0.007006,,0.001993,
1988-05,0.002400,,-0.002140,-0.013777,0.005217,0.014477,0.003416,0.039260,,-0.015258,
1988-06,0.052700,,0.060430,0.032444,0.005383,-0.041603,0.004255,-0.008462,,0.044361,
1988-07,-0.007400,,0.002200,-0.011960,0.005608,0.000573,0.004237,-0.011819,,-0.019051,
1988-08,-0.027200,,-0.013076,-0.000721,0.005883,-0.020719,0.004219,0.019561,,-0.000922,
1988-09,0.039300,,0.024967,0.032433,0.006033,-0.072589,0.006723,0.027501,,0.047629,
1988-10,0.017700,,0.005492,0.021843,0.006125,0.039577,0.003339,0.011736,,0.015183,
1988-11,-0.017000,,-0.025142,-0.019250,0.006467,0.024733,0.000832,0.006469,,-0.030798,
1988-12,0.021100,,0.027017,0.002405,0.006725,-0.029224,0.001663,0.011069,,0.009148,
1989-01,0.066200,,0.053347,0.016024,0.006892,-0.039610,0.004979,0.070154,,0.032491,
1989-02,-0.016200,,0.013926,-0.012275,0.007108,-0.017766,0.004129,-0.043412,,-0.023499,
1989-03,0.022400,,0.034831,0.009044,0.007350,-0.009819,0.005757,0.067499,,0.022453,
1989-04,0.050200,,0.038090,0.025851,0.007208,-0.014744,0.006541,0.019716,,0.027849,
1989-05,0.040700,,0.037750,0.035165,0.007025,-0.041716,0.005686,0.029544,,0.029854,
1989-06,-0.006200,,-0.000608,0.040807,0.006792,0.030956,0.002423,0.002852,,0.035360,
1989-07,0.078800,,0.033417,0.025822,0.006567,-0.012601,0.002417,0.049007,,0.010882,
1989-08,0.021700,,0.026173,-0.022880,0.006583,-0.023079,0.001608,0.039575,,-0.042503,
1989-09,-0.001100,,-0.007721,0.003550,0.006458,0.018621,0.003210,0.018814,,0.020561,
1989-10,-0.029700,,-0.063962,0.033373,0.006367,0.024011,0.004800,-0.016497,,0.042586,
1989-11,0.017300,,-0.000329,0.012044,0.006408,0.087530,0.002389,0.030253,,0.001086,
1989-12,0.017900,,-0.002988,0.000433,0.006358,-0.023398,0.001589,0.064377,,-0.004139,
1990-01,-0.072300,,-0.077711,-0.026550,0.006367,0.041269,0.010309,0.001143,,-0.015739,
1990-02,0.016900,,0.021833,0.001738,0.006450,-0.017709,0.004710,0.014516,,0.016652,
1990-03,0.024700,,0.022177,-0.002104,0.006583,-0.096149,0.005469,0.051836,,-0.002963,
1990-04,-0.026700,,-0.043754,-0.017981,0.006475,-0.002035,0.001554,-0.013313,,-0.024652,
1990-05,0.091100,,0.042551,0.036498,0.006450,-0.012780,0.002327,-0.044788,,0.055871,
1990-06,-0.004600,,-0.000995,0.018441,0.006442,-0.029886,0.005418,0.016723,,0.008172,
1990-07,-0.012200,,-0.042588,0.011681,0.006350,0.057070,0.003849,0.052347,,0.005962,
1990-08,-0.094600,,-0.112483,-0.025579,0.006208,0.041499,0.009202,0.126377,,-0.029005,
1990-09,-0.055100,,-0.084176,0.009992,0.006133,0.053256,0.008359,0.057243,,0.035327,
1990-10,-0.012400,,-0.061204,0.018517,0.005975,-0.070764,0.006029,-0.035282,,0.017066,
1990-11,0.069200,,0.051913,0.033265,0.005883,0.014097,0.002247,0.000721,,0.036438,
1990-12,0.030600,,0.028451,0.019005,0.005617,0.003508,0.000000,0.015580,,0.008123,
1991-01,0.052100,,0.080089,0.010108,0.005183,-0.052305,0.005979,0.001440,,0.009356,
1991-02,0.076700,,0.113003,0.007367,0.004950,-0.009016,0.001486,-0.017364,,-0.000495,
1991-03,0.031000,,0.065794,0.004660,0.004925,-0.019438,0.001484,-0.014398,,0.014117,
1991-04,0.002500,,0.016453,0.008734,0.004708,0.005905,0.001481,0.037903,,-0.000859,
1991-05,0.041300,,0.027529,0.003987,0.004550,0.007407,0.002959,-0.003516,,0.004679,
1991-06,-0.045200,,-0.041939,-0.005320,0.004642,0.022059,0.002950,0.017693,,-0.001270,
1991-07,0.047300,,0.030325,0.009546,0.004650,-0.014931,0.001471,-0.027015,,0.010358,
1991-08,0.027800,,0.043252,0.032717,0.004442,-0.042580,0.002937,0.039559,,0.034646,
1991-09,-0.011300,,-0.011510,0.030730,0.004350,0.021589,0.004392,0.030121,,0.022974,
1991-10,0.017100,,0.017781,0.006225,0.004158,0.007185,0.001458,0.011244,,-0.003612,
1991-11,-0.038100,,-0.055204,0.012476,0.003800,0.024759,0.002911,0.005052,,0.010534,
1991-12,0.112300,,0.073657,0.054108,0.003392,-0.035900,0.000726,0.077166,,0.055606,
1992-01,-0.002500,,0.106665,-0.036213,0.003167,0.002690,0.001450,-0.014076,,-0.055136,
1992-02,0.013600,,0.071323,0.008884,0.003200,-0.002824,0.003621,0.002012,,0.027286,
1992-03,-0.023100,,-0.007332,-0.012562,0.003367,-0.032285,0.005051,-0.015048,,-0.011106,
1992-04,0.014100,,-0.009764,0.001471,0.003125,-0.015657,0.001436,0.029406,,0.001561,
1992-05,0.005800,,0.023606,0.025833,0.003025,0.003419,0.001434,0.010204,,0.030362,
1992-06,-0.020100,,-0.027897,0.019448,0.003050,0.017481,0.003579,0.023688,,0.015464,
1992-07,0.040900,,0.037678,0.035999,0.002675,0.042079,0.002140,0.055828,,0.028679,
1992-08,-0.021200,,-0.026879,0.012787,0.002608,-0.049881,0.002847,0.052570,,0.002940,
1992-09,0.014500,,0.015623,0.023690,0.002425,0.026471,0.002839,0.034611,,0.017696,
1992-10,0.012500,,0.019434,-0.025346,0.002383,-0.027937,0.003539,-0.004541,,-0.039171,
1992-11,0.043700,,0.066558,-0.004955,0.002608,-0.014886,0.001410,0.017837,,0.013136,
1992-12,0.018100,,0.050322,0.023694,0.002683,-0.003890,-0.000704,0.022992,,0.031143,
1993-01,0.011600,,0.063194,0.028097,0.002500,-0.007360,0.004933,0.028282,,0.025006,
1993-02,0.003400,,0.010808,0.031904,0.002442,-0.008625,0.003506,0.057048,,0.024839,
1993-03,0.025700,,0.035948,0.005025,0.002458,0.031136,0.003494,-0.002981,,-0.009101,
1993-04,-0.028100,,-0.025057,0.003550,0.002392,0.048845,0.002786,-0.004992,,0.007765,
1993-05,0.031100,,0.031505,-0.003031,0.002467,0.065340,0.001389,0.030994,,-0.010042,
1993-06,0.005500,,0.013379,0.031995,0.002558,0.002649,0.001387,0.018206,,0.034478,
1993-07,-0.001000,,0.021590,0.002598,0.002533,0.061567,0.000000,0.034835,,-0.004827,
1993-08,0.039700,,0.035225,0.033675,0.002517,-0.075171,0.002770,0.065865,,0.042667,
1993-09,0.001400,,0.026096,0.008342,0.002458,-0.043197,0.002072,-0.016505,,-0.004284,
1993-10,0.016400,,0.026117,0.002223,0.002517,0.039662,0.004135,0.048297,,0.003677,
1993-11,-0.016200,,-0.024946,-0.025280,0.002583,0.003517,0.000686,0.010199,,-0.025735,
1993-12,0.018800,,0.024128,0.004858,0.002550,0.056215,0.000000,0.064219,,0.008239,
1994-01,0.031200,,0.048245,0.014603,0.002483,-0.035354,0.002743,0.012843,,0.019973,
1994-02,-0.023400,,-0.010851,-0.028291,0.002708,0.009659,0.003420,-0.042683,,-0.037091,
1994-03,-0.045200,,-0.042512,-0.039134,0.002917,0.020050,0.003408,-0.058874,,-0.026196,
1994-04,0.009500,,0.013617,-0.014791,0.003067,-0.032760,0.001359,-0.004797,,0.003142,
1994-05,0.009000,,0.002005,-0.001829,0.003450,0.029619,0.000678,0.007720,,-0.007418,
1994-06,-0.027300,,-0.017469,-0.005854,0.003450,0.001677,0.003390,-0.007720,,-0.004007,
1994-07,0.031000,,0.021871,0.021576,0.003608,-0.010947,0.002703,-0.015950,,0.033429,
1994-08,0.043900,,0.039310,0.001030,0.003733,0.004557,0.004043,0.021974,,-0.011667,
1994-09,-0.019100,,-0.000132,-0.023558,0.003850,0.023590,0.002685,0.030867,,-0.026285,
1994-10,0.017300,,-0.015113,-0.006598,0.004125,-0.027859,0.000669,0.019264,,0.004039,
1994-11,-0.036600,,-0.036213,-0.000276,0.004408,-0.001954,0.001338,0.025103,,0.005656,
1994-12,0.013000,,0.015548,0.011356,0.004667,0.000392,0.000000,0.025117,,0.011955,
1995-01,0.022200,,0.009093,0.023041,0.004758,-0.021787,0.004008,0.013833,,0.031456,
1995-02,0.040300,,0.042075,0.032917,0.004808,0.004001,0.003992,-0.018494,,0.030758,
1995-03,0.026500,,0.012685,0.007417,0.004775,0.041445,0.003313,0.046887,,-0.008153,
1995-04,0.025500,,0.032939,0.015156,0.004708,-0.005740,0.003303,0.004673,,0.012750,
1995-05,0.034400,,0.029581,0.062043,0.004725,-0.013983,0.001975,0.015035,,0.054240,
1995-06,0.031900,,0.042966,0.011840,0.004558,0.007156,0.001971,0.014085,,-0.014539,
1995-07,0.041600,,0.049005,-0.012208,0.004517,-0.009559,0.000000,-0.008802,,-0.011860,
1995-08,0.010200,,0.038753,0.017783,0.004500,-0.002609,0.002623,-0.012370,,0.027464,
1995-09,0.037900,,0.016863,0.013303,0.004400,0.004315,0.001962,0.048636,,0.009404,
1995-10,-0.010400,,-0.037872,0.015478,0.004400,-0.003516,0.003264,0.026835,,0.013817,
1995-11,0.043800,,0.036374,0.025208,0.004467,0.013459,-0.000651,0.036323,,0.020758,
1995-12,0.015300,,0.022684,0.018368,0.004283,-0.002063,-0.000651,0.021240,,0.001315,
1996-01,0.026900,,0.006717,0.003144,0.004167,0.047933,0.005863,-0.025918,,0.010285,
1996-02,0.017200,,0.027810,-0.034284,0.004025,-0.012082,0.003238,-0.016700,,-0.040435,
1996-03,0.011300,,0.026303,-0.010178,0.004133,-0.010733,0.005165,0.030477,,-0.001712,
1996-04,0.025200,,0.045661,-0.017674,0.004125,-0.012741,0.003854,0.045952,,-0.007747,
1996-05,0.027800,,0.053541,-0.007964,0.004183,-0.001917,0.001919,0.006032,,0.002579,
1996-06,-0.007300,,-0.023488,0.014290,0.004242,-0.021892,0.000639,0.021658,,0.021437,
1996-07,-0.055100,,-0.054673,0.000618,0.004292,0.008639,0.001914,-0.040358,,-0.009886,
1996-08,0.031800,,0.044704,-0.005658,0.004208,0.002985,0.001911,0.050957,,-0.007947,
1996-09,0.054500,,0.032911,0.022971,0.004242,-0.019278,0.003179,0.090775,,0.033840,
1996-10,0.012900,,0.010103,0.031042,0.004158,0.001319,0.003169,0.024043,,0.029138,
1996-11,0.066600,,0.039300,0.028164,0.004192,-0.021607,0.001895,0.079876,,0.024353,
1996-12,-0.012400,,0.022594,-0.021773,0.004092,-0.005521,0.000000,0.035045,,-0.041503,
1997-01,0.054100,,0.028544,-0.001858,0.004192,-0.064320,0.003153,0.043573,,0.014552,
1997-02,-0.000900,,0.012256,0.003280,0.004175,0.037916,0.003143,-0.012692,,0.002937,
1997-03,-0.045900,,-0.018070,-0.020059,0.004283,-0.029141,0.002506,0.025240,,-0.022799,
1997-04,0.044700,,-0.004687,0.020076,0.004300,-0.022979,0.001250,0.030028,,0.030795,
1997-05,0.072200,,0.083552,0.009185,0.004208,0.016022,-0.000624,0.014621,,0.000671,
1997-06,0.044700,,0.068454,0.017115,0.004108,-0.031973,0.001249,0.037051,,0.016790,
1997-07,0.077400,,0.055021,0.041618,0.004208,-0.024511,0.001248,0.079720,,0.037547,
1997-08,-0.036900,,0.028990,-0.018276,0.004283,-0.003064,0.001869,-0.044732,,-0.027793,
1997-09,0.057800,,0.081805,0.021459,0.004125,0.020747,0.002488,0.044374,,0.024144,
1997-10,-0.033800,,-0.018702,0.025954,0.004142,-0.062331,0.002481,0.000678,,0.026985,
1997-11,0.033800,,0.004635,0.003378,0.004283,-0.046885,-0.000619,0.021933,,-0.002140,
1997-12,0.018100,,0.023639,0.013110,0.004300,-0.022237,-0.001238,0.054799,,0.002249,
1998-01,0.005800,,-0.011307,0.021413,0.004200,0.050482,0.001860,0.033570,,0.019710,
1998-02,0.074200,,0.067893,-0.002163,0.004242,-0.024438,0.001856,0.029168,,-0.007153,
1998-03,0.051500,,0.045898,0.000930,0.004192,0.012105,0.001853,0.052703,,0.002480,
1998-04,0.011700,,0.022201,0.003975,0.004125,0.032226,0.001850,0.006639,,0.001749,
1998-05,-0.026700,,-0.024410,0.013787,0.004167,-0.055037,0.001846,0.051617,,0.018693,
1998-06,0.036000,,-0.001467,0.013738,0.004150,0.009196,0.001229,0.033775,,0.008790,
1998-07,-0.020200,,-0.073451,-0.000006,0.004133,-0.025143,0.001227,0.047309,,-0.000887,
1998-08,-0.156200,,-0.185466,0.039351,0.004083,-0.053488,0.001225,0.066389,,0.042368,
1998-09,0.066500,,0.036687,0.052713,0.003842,0.074799,0.001224,0.010837,,0.042488,
1998-10,0.073000,,0.031723,-0.012053,0.003300,-0.005275,0.002445,-0.008648,,-0.043325,
1998-11,0.063800,,0.055270,-0.003973,0.003675,0.008211,0.000000,0.034300,,0.005114,
1998-12,0.065300,,0.026778,0.011036,0.003658,-0.023414,-0.000610,0.040570,,0.005441,
1999-01,0.038300,,0.010609,0.003088,0.003617,-0.008339,0.002441,0.000597,,0.010987,
1999-02,-0.037300,,-0.084062,-0.044248,0.003700,0.005781,0.001217,-0.022709,-0.004539,-0.048393,
1999-03,0.039100,,-0.026941,0.007470,0.003700,-0.026476,0.003040,-0.035266,0.001621,0.023162,
1999-04,0.047100,,0.090077,-0.004002,0.003575,0.025586,0.007273,-0.005976,0.012775,0.000320,
1999-05,-0.021200,,0.037472,-0.016580,0.003750,-0.062805,0.000000,0.006874,0.006474,-0.017436,
1999-06,0.051700,,0.063032,-0.007979,0.003808,-0.028295,0.000000,-0.025241,-0.008272,-0.004700,
1999-07,-0.031100,,-0.011142,-0.003321,0.003792,-0.020690,0.003008,0.009062,0.004008,0.002271,
1999-08,-0.009800,,-0.034068,0.000493,0.003933,-0.003130,0.002400,0.001990,0.004707,0.003557,
1999-09,-0.023800,,-0.028035,0.010925,0.003900,0.173469,0.004788,0.006817,0.005618,0.017455,
1999-10,0.064800,,-0.027262,-0.003947,0.004050,0.000334,0.001787,0.022950,0.002055,-0.002658,
1999-11,0.037700,,0.043606,-0.006715,0.004225,-0.025911,0.000595,0.063725,0.001658,-0.009400,
1999-12,0.081000,,0.065485,-0.014405,0.004333,-0.003776,0.000000,0.071432,-0.010265,-0.014485,
2000-01,-0.043300,,0.003652,-0.011110,0.004433,-0.023945,0.002971,0.001668,0.007907,-0.008826,
2000-02,0.028900,,0.131314,0.024423,0.004625,0.036534,0.005924,0.023957,0.010604,0.037353,
2000-03,0.056800,,-0.012937,0.034144,0.004742,-0.057552,0.008245,-0.031408,0.035392,0.043075,
2000-04,-0.059300,,-0.041515,-0.009606,0.004717,-0.006143,0.000584,0.021904,0.006257,-0.026971,
2000-05,-0.038900,,-0.050754,0.000814,0.004825,-0.010180,0.001168,0.013739,-0.011545,0.006628,
2000-06,0.050800,,0.086625,0.024437,0.004742,0.058402,0.005248,0.016215,0.017622,0.035060,
2000-07,-0.020000,,0.018414,0.004287,0.004967,-0.039563,0.002320,0.005308,0.009692,-0.016638,
2000-08,0.075300,,0.065605,0.028239,0.005075,0.000903,0.000000,0.056710,0.004702,0.027319,0.006917
2000-09,-0.049300,,-0.004695,-0.000448,0.005000,-0.012094,0.005208,-0.009111,0.010176,-0.005220,-0.004907
2000-10,-0.022200,,-0.016065,0.007075,0.005092,-0.033437,0.001727,0.032741,0.014530,0.004258,0.012821
2000-11,-0.101900,,-0.028444,0.026769,0.005142,0.017391,0.000575,0.044407,0.008224,0.027772,0.014605
2000-12,0.016800,,0.085925,0.032290,0.004808,0.019881,-0.000574,-0.006729,0.008383,0.026306,-0.007677
2001-01,0.037900,,0.068200,-0.001106,0.004292,-0.036254,0.006322,0.003950,0.026648,-0.027805,0.020309
2001-02,-0.096500,,-0.001345,0.025313,0.004067,0.008318,0.003998,0.035202,0.021313,0.039783,0.017061
2001-03,-0.068300,,-0.015294,0.003323,0.003683,-0.033746,0.002275,0.064907,0.006175,-0.009274,-0.000932
2001-04,0.083200,,0.050014,-0.027890,0.003225,0.021149,0.003973,-0.061167,0.006565,-0.022724,0.005597
2001-05,0.010000,,0.063753,-0.001614,0.003017,0.016530,0.004522,0.007442,0.010000,0.015114,0.011132
2001-06,-0.016600,,0.031245,0.005284,0.002908,0.011589,0.001688,0.024869,-0.010720,0.012055,-0.001000
2001-07,-0.018300,,-0.011586,0.031533,0.002925,-0.017369,-0.002809,0.008771,0.014891,0.026800,0.015844
2001-08,-0.060900,,-0.013838,0.021383,0.002800,0.026702,0.000000,0.042048,-0.000486,0.010719,0.002752
2001-09,-0.089600,,-0.141084,0.023770,0.002200,0.073626,0.004507,0.090442,0.018590,0.034646,0.005479
2001-10,0.027000,,0.047974,0.027847,0.001800,-0.048959,-0.003365,0.051599,0.011677,0.005295,0.022999
2001-11,0.077000,,0.089081,-0.033975,0.001558,-0.011659,-0.001688,-0.055092,-0.029840,-0.053837,-0.023381
2001-12,0.017600,,0.067554,-0.018401,0.001408,0.003630,-0.003946,-0.002477,-0.010328,-0.006087,-0.022099
2002-01,-0.013000,,0.032629,0.004225,0.001375,0.020976,0.002264,0.013339,0.013232,0.017622,0.005649
2002-02,-0.021700,,-0.009950,0.019022,0.001433,0.051541,0.003953,0.006066,0.022850,0.015885,0.015918
2002-03,0.043700,,0.097339,-0.036940,0.001492,0.015328,0.005624,-0.054035,0.001343,-0.040163,-0.007358
2002-04,-0.050600,,0.041434,0.028400,0.001425,0.022561,0.005593,0.016161,0.026189,0.057666,0.028864
2002-05,-0.012200,,-0.026905,0.006573,0.001442,0.059701,0.000000,0.030386,0.006852,-0.009611,0.015385
2002-06,-0.071000,,-0.023608,0.021383,0.001417,-0.024801,0.000556,0.061939,0.003146,0.016491,-0.002674
2002-07,-0.080400,,-0.150336,0.031788,0.001400,-0.043485,0.001112,0.055538,0.026717,0.026992,0.016979
2002-08,0.006400,,-0.005765,0.033602,0.001350,0.026752,0.003331,0.025769,0.034926,0.015372,0.036028
2002-09,-0.102000,,-0.071947,0.045606,0.001358,0.034847,0.001660,0.072317,0.026915,0.034060,0.016115
2002-10,0.079800,,0.006932,-0.021417,0.001317,-0.021007,0.001657,-0.029386,-0.020630,-0.033159,-0.027546
2002-11,0.060800,,0.077653,-0.020027,0.001025,0.006784,0.000000,-0.008044,-0.011126,-0.017854,-0.001717
2002-12,-0.056500,,-0.036914,0.035444,0.000992,0.088231,-0.002206,0.094942,0.028628,0.047473,0.018057
2003-01,-0.024700,,-0.012497,-0.010612,0.000975,0.058468,0.004422,0.059837,0.014227,-0.017398,0.005912
2003-02,-0.017900,,-0.036807,0.027212,0.000975,-0.054558,0.007705,0.052561,0.045944,0.036213,0.036944
2003-03,0.011900,,0.011439,-0.006732,0.000942,-0.036264,0.006008,-0.024273,-0.018517,-0.018959,-0.016152
2003-04,0.082800,,0.096399,-0.001706,0.000942,0.005674,-0.002172,0.000481,-0.007987,-0.002676,-0.003311
2003-05,0.061400,,0.108144,0.046768,0.000892,0.073200,-0.001632,0.064739,0.032366,0.048150,0.047342
2003-06,0.015200,,0.035259,-0.011305,0.000767,-0.042612,0.001090,-0.024057,-0.007352,-0.026115,-0.008889
2003-07,0.024000,,0.062041,-0.072411,0.000750,0.025289,0.001089,-0.063484,-0.037232,-0.081082,-0.044716
2003-08,0.024000,,0.058965,0.006921,0.000792,0.058774,0.003806,-0.019579,0.015390,0.037658,0.017021
2003-09,-0.011600,,0.009479,0.043573,0.000783,0.033014,0.003250,0.060705,0.032952,0.059892,0.031830
2003-10,0.061500,,0.108227,-0.026275,0.000767,-0.004510,-0.001080,0.036117,0.005850,-0.058187,0.004886
2003-11,0.014200,,0.046092,0.002809,0.000775,0.031327,-0.002703,0.018694,-0.009592,0.014719,0.000810
2003-12,0.043700,,0.030046,0.009228,0.000750,0.044935,-0.001084,0.075141,0.002859,0.013586,0.008874
2004-01,0.022200,,0.071538,0.012422,0.000733,-0.039640,0.004883,0.009113,0.022985,0.012044,0.012285
2004-02,0.014600,,0.003121,0.017277,0.000775,-0.009756,0.005400,0.059766,0.030068,0.018699,0.021844
2004-03,-0.012300,,0.003795,0.013952,0.000783,0.070355,0.006445,0.004617,0.018165,0.010284,0.015032
2004-04,-0.017300,,-0.061856,-0.049832,0.000783,-0.083078,0.003202,-0.043441,-0.051708,-0.056524,-0.046949
2004-05,0.012400,,0.006909,-0.006455,0.000850,0.012227,0.005851,-0.012648,0.018112,0.023593,0.016421
2004-06,0.019300,,0.044168,0.007037,0.001058,0.006484,0.003173,-0.015544,-0.002257,0.018696,0.000896
2004-07,-0.039400,,-0.051777,0.013365,0.001108,-0.011117,-0.001581,-0.002853,0.006436,0.004998,0.009860
2004-08,0.001800,,-0.006785,0.033608,0.001233,0.040496,0.000528,0.004958,0.022250,0.033164,0.026038
2004-09,0.017100,,0.036713,0.002635,0.001375,0.020626,0.002111,0.059859,0.004247,-0.007915,0.002409
2004-10,0.015300,,0.011972,0.010741,0.001467,0.023818,0.005266,0.015773,0.017923,0.014500,0.008814
2004-11,0.046800,,0.087983,-0.021369,0.001725,0.065445,0.000524,0.055734,-0.006662,-0.029644,-0.003177
2004-12,0.035800,,0.036890,0.013266,0.001825,-0.039259,-0.003665,0.006183,0.006572,0.012378,0.018300
2005-01,-0.025900,,-0.025637,0.011599,0.001942,-0.030877,0.002102,0.025247,0.004397,0.014739,0.000000
2005-02,0.020400,,0.025944,-0.014110,0.002117,0.031505,0.005768,-0.007352,0.002979,-0.012400,-0.004773
2005-03,-0.017300,,-0.015040,-0.007467,0.002283,-0.018257,0.007821,0.008323,0.002788,0.006269,0.001313
2005-04,-0.024000,,-0.057657,0.027063,0.002317,0.019181,0.006725,-0.034683,0.022206,0.039255,0.018445
2005-05,0.038900,,0.057530,0.020561,0.002367,-0.048772,-0.001028,0.027775,-0.000690,0.008772,0.007086
2005-06,0.008100,,0.046987,0.008219,0.002475,0.054651,0.000514,0.057965,-0.002250,-0.002586,0.003334
2005-07,0.041600,,0.059692,-0.023958,0.002683,-0.018531,0.004627,0.009747,-0.016301,-0.018847,-0.019872
2005-08,-0.009000,,-0.012440,0.024659,0.002867,0.009907,0.005118,0.026499,0.031372,0.040896,0.021897
2005-09,0.007700,,0.002652,-0.022216,0.002850,0.092325,0.012220,0.019068,0.001305,-0.026138,-0.000994
2005-10,-0.017700,,-0.022493,-0.014560,0.003092,-0.005283,0.002012,-0.019654,-0.015683,0.000588,-0.012820
2005-11,0.039200,,0.039882,0.010154,0.003233,0.052894,-0.008032,0.042699,-0.019135,0.003149,0.001623
2005-12,0.000800,,-0.003192,0.011712,0.003242,0.035005,-0.004049,0.025331,0.003089,0.006033,0.011075
2006-01,0.033800,,0.081688,-0.007426,0.003533,0.108674,0.007622,0.039425,0.016989,-0.014339,0.001645
2006-02,0.000400,,-0.005966,0.002193,0.003692,-0.022418,0.002017,-0.001883,0.002229,0.007758,-0.001642
2006-03,0.018400,,0.052439,-0.020374,0.003758,0.046763,0.005536,0.048903,-0.021398,-0.023624,-0.021389
2006-04,0.010900,,0.008245,-0.012160,0.003833,0.106529,0.008509,0.016323,0.008049,0.005356,-0.000841
2006-05,-0.031300,,-0.041166,0.000375,0.003933,0.013975,0.004963,-0.025977,-0.001782,0.005941,0.002525
2006-06,0.000500,,-0.000397,0.001960,0.003992,-0.060490,0.001975,0.005150,-0.002895,0.001595,0.003021
2006-07,-0.003700,,-0.021049,0.016688,0.004125,0.030970,0.002957,-0.002926,0.015894,0.024184,0.016239
2006-08,0.024500,,0.024923,0.023757,0.004133,-0.014229,0.001966,-0.009988,0.018524,0.017013,0.016821
2006-09,0.022500,,0.013113,0.011827,0.004008,-0.038893,-0.004904,0.018495,-0.006093,-0.003316,0.001906
2006-10,0.036300,,0.046084,0.006233,0.004100,0.007509,-0.005421,0.021913,-0.007964,-0.003815,-0.001675
2006-11,0.021200,,0.026157,0.015758,0.004117,0.071139,-0.001487,0.011881,0.015408,0.004130,0.011745
2006-12,0.012500,,0.019703,-0.015910,0.004042,-0.022731,0.001489,0.041071,-0.019064,-0.021628,-0.023217
2007-01,0.018200,,0.018746,-0.005443,0.004150,0.029272,0.003053,0.030758,0.007455,0.010560,0.001697
2007-02,-0.015800,,-0.009698,0.025372,0.004192,0.021061,0.005350,-0.029529,0.024837,0.035777,0.020339
2007-03,0.011400,,0.002683,-0.003286,0.004117,-0.003689,0.009106,0.025313,0.009545,-0.007681,0.001815
2007-04,0.039300,,0.009131,0.005451,0.004058,0.023045,0.006496,0.054410,0.009702,0.011836,0.007519
2007-05,0.036400,,0.030877,-0.017150,0.003942,-0.026440,0.006111,0.026487,-0.019689,-0.011904,-0.012438
2007-06,-0.015600,,-0.016674,-0.005970,0.003842,-0.013048,0.001938,0.027585,-0.006508,0.005450,-0.001864
2007-07,-0.033200,,-0.082447,0.023754,0.004017,0.023059,-0.000254,-0.051333,0.017996,0.021101,0.022452
2007-08,0.013600,,-0.007386,0.022977,0.003500,0.009767,-0.001834,-0.019290,0.006554,0.007961,0.009291
2007-09,0.035400,,0.000615,-0.000164,0.003242,0.105655,0.002756,0.044358,0.012414,-0.006949,0.012632
2007-10,0.021100,,0.001342,0.012555,0.003250,0.062584,0.002139,0.052888,0.017081,0.017448,0.011705
2007-11,-0.044600,,-0.078909,0.045205,0.002725,-0.007600,0.005940,-0.020609,0.049225,0.048291,0.039669
2007-12,-0.006000,,-0.009025,-0.002365,0.002500,0.064135,-0.000671,0.038297,-0.007935,-0.026971,-0.001569
2008-01,-0.061200,,-0.038009,0.033891,0.002292,0.107346,0.004971,-0.030087,0.047253,0.043258,0.038554
2008-02,-0.029600,,-0.039374,0.014687,0.001767,0.052261,0.002904,0.095748,0.020255,0.007652,0.013148
2008-03,-0.007700,,0.002864,0.009612,0.001050,-0.039115,0.008668,-0.026392,0.007123,0.005146,0.000916
2008-04,0.047900,,0.013714,-0.023398,0.001075,-0.066952,0.006065,-0.020595,-0.020359,-0.016384,-0.020849
2008-05,0.020500,,0.029478,-0.020339,0.001442,0.016935,0.008421,0.002404,0.001285,0.003449,0.000789
2008-06,-0.082600,,-0.087816,0.009070,0.001550,0.050240,0.010077,0.080575,0.017148,0.025712,0.019200
2008-07,-0.006000,,0.050635,0.003325,0.001358,-0.013169,0.005251,-0.033278,-0.006504,0.010293,-0.005516
2008-08,0.016600,,0.067736,0.016424,0.001433,-0.092593,-0.003992,-0.033997,-0.008515,0.012392,0.004754
2008-09,-0.092000,,-0.071655,0.001556,0.000942,0.061825,-0.001383,-0.014075,-0.052329,-0.014483,-0.038101
2008-10,-0.171200,,-0.200909,-0.009778,0.000558,-0.173827,-0.010101,0.090027,-0.109023,-0.032176,-0.088333
2008-11,-0.077100,,-0.143764,0.095704,0.000158,0.114608,-0.019153,0.080643,0.003066,0.073342,0.001828
2008-12,0.017700,,0.053835,0.062580,0.000025,0.067833,-0.010342,0.061216,0.062813,0.014450,0.052339
2009-01,-0.080900,,-0.158576,-0.051304,0.000108,0.057200,0.004352,0.002824,0.039665,-0.049206,0.009549
2009-02,-0.101300,,-0.147893,-0.010380,0.000250,0.035345,0.004973,0.025422,-0.018737,-0.003391,-0.016337
2009-03,0.090300,,0.108520,0.029316,0.000175,-0.037290,0.002432,-0.021797,0.073731,0.029201,0.059881
2009-04,0.101800,,0.183841,-0.035796,0.000133,-0.036279,0.002496,-0.044463,-0.021015,-0.032248,-0.018977
2009-05,0.052100,,0.027828,-0.023190,0.000150,0.104444,0.002889,-0.073572,0.011394,-0.009547,0.018503
2009-06,0.004300,,0.005823,-0.002092,0.000150,-0.042030,0.008590,0.015048,0.007022,0.018293,0.003303
2009-07,0.077500,,0.132865,0.003773,0.000150,0.004815,-0.001586,-0.033855,0.004116,0.003784,0.000823
2009-08,0.033400,,0.080971,0.012963,0.000142,0.017572,0.002243,0.019361,0.003657,0.019413,0.010691
2009-09,0.040900,,0.075823,0.010389,0.000100,0.042125,0.000625,0.009156,0.023481,0.007796,0.018714
2009-10,-0.025300,,-0.092954,-0.005596,0.000058,0.044439,0.000963,-0.022909,0.014506,-0.017594,0.014377
2009-11,0.056300,,0.039928,0.019713,0.000042,0.130529,0.000708,0.043405,0.026944,0.026867,0.027559
2009-12,0.028100,,0.084145,-0.049669,0.000042,-0.075058,-0.001761,-0.014840,-0.030079,-0.068629,-0.022312
2010-01,-0.033500,,-0.027174,0.021393,0.000050,-0.008276,0.003417,-0.046406,0.021193,0.042260,0.015139
2010-02,0.033900,,0.074479,0.004680,0.000092,0.027585,0.000249,0.020693,-0.013998,-0.003458,-0.011774
2010-03,0.063100,,0.089415,-0.015812,0.000125,0.006542,0.004106,0.052091,-0.001771,-0.016302,0.000420
2010-04,0.020000,,0.092553,0.015563,0.000133,0.057149,0.001737,0.021547,0.032408,0.022129,0.024741
2010-05,-0.078900,,-0.103799,0.034976,0.000133,0.023956,0.000775,-0.051199,-0.002953,0.033742,0.000000
2010-06,-0.055500,,-0.109297,0.031779,0.000100,0.030228,-0.000976,0.011776,0.015791,0.018615,0.013952
2010-07,0.069300,,0.071319,0.005039,0.000133,-0.060289,0.000211,-0.008651,0.001056,-0.010128,-0.000771
2010-08,-0.047700,,-0.085733,0.043565,0.000133,0.065868,0.001381,0.055698,0.025454,0.045182,0.019290
2010-09,0.095600,,0.109241,-0.003175,0.000125,0.048957,0.000582,0.011710,0.014353,-0.016539,0.007046
2010-10,0.038800,,0.036171,-0.006571,0.000108,0.030413,0.001245,0.021329,0.028648,-0.007980,0.025622
2010-11,0.006000,,0.032453,-0.013293,0.000117,0.027288,0.000421,-0.006833,-0.021107,-0.018052,-0.016900
2010-12,0.068300,,0.093338,-0.038814,0.000117,0.015902,0.001718,0.045253,-0.026248,-0.028476,-0.015666
2011-01,0.019900,,0.004118,-0.007270,0.000125,-0.055852,0.004763,-0.006611,0.005246,0.020210,0.000000
2011-02,0.034900,,0.055048,0.002850,0.000108,0.063301,0.004931,0.042388,0.009118,0.008292,0.009231
2011-03,0.004600,,0.014147,-0.001315,0.000083,0.019844,0.009751,-0.016367,0.013249,0.011716,0.009165
2011-04,0.029000,,0.010301,0.015478,0.000050,0.067060,0.006439,0.051495,0.028042,0.026461,0.024316
2011-05,-0.012700,,-0.032010,0.025722,0.000033,0.000651,0.004704,-0.012171,0.002862,0.024926,0.002968
2011-06,-0.017400,,-0.018739,-0.008441,0.000033,-0.020176,-0.001071,-0.023744,0.001838,-0.025090,0.006506
2011-07,-0.023500,,-0.030241,0.033604,0.000033,0.081700,0.000886,0.018877,0.043863,0.045208,0.038748
2011-08,-0.059500,,-0.096096,0.054581,0.000017,0.113601,0.002758,0.026725,0.017339,0.035662,0.008608
2011-09,-0.075800,,-0.102858,0.029729,0.000008,-0.106700,0.001518,-0.093698,0.001163,0.015283,0.000622
2011-10,0.113300,,0.127026,-0.020598,0.000017,0.062963,-0.002063,-0.018171,0.007052,-0.022885,0.019313
2011-11,-0.002700,,-0.002062,0.009836,0.000008,0.013937,-0.000844,0.024836,0.007406,0.010301,0.004211
2011-12,0.007500,,0.011913,0.018841,0.000008,-0.123139,-0.002467,0.014499,0.006890,0.019764,0.001977
2012-01,0.050500,,0.057847,0.006994,0.000025,0.139125,0.004400,-0.008319,0.029796,0.006474,0.021970
2012-02,0.044200,,0.028792,-0.011921,0.000075,0.014908,0.004403,-0.021935,0.002804,-0.015398,-0.004161
2012-03,0.031200,,0.031575,-0.020482,0.000067,-0.060734,0.007595,0.002187,-0.011413,-0.012885,-0.010730
2012-04,-0.008500,,-0.008066,0.026994,0.000067,-0.006767,0.003021,0.036541,0.026758,0.037797,0.020466
2012-05,-0.061600,,-0.059920,0.034532,0.000075,-0.056472,-0.001173,0.107118,0.018299,0.025339,0.017981
2012-06,0.038900,,0.047247,-0.005958,0.000075,0.025995,-0.001466,-0.066936,-0.012510,-0.022908,-0.006187
2012-07,0.007900,,-0.017068,0.016076,0.000083,0.014701,-0.001630,0.017623,0.018018,0.021288,0.018493
2012-08,0.025500,,0.036947,-0.004232,0.000083,0.016338,0.005565,-0.017302,0.003736,-0.000853,-0.002017
2012-09,0.027400,,0.040943,-0.005982,0.000092,0.077343,0.004462,-0.036925,0.017958,0.001453,0.004909
2012-10,-0.017500,,-0.008325,-0.004982,0.000083,-0.032095,-0.000389,-0.011120,0.001504,-0.009756,0.006734
2012-11,0.007900,,0.008113,0.010560,0.000075,0.004072,-0.004738,-0.002500,-0.005716,0.006762,0.004682
2012-12,0.011900,,0.044895,-0.013136,0.000058,-0.039687,-0.002693,0.010608,-0.013021,-0.017414,-0.005631
2013-01,0.055700,,0.058456,-0.019987,0.000058,0.004374,0.002957,0.008020,-0.005894,-0.023654,-0.006882
2013-02,0.012800,,0.013603,0.013389,0.000083,-0.045803,0.008190,0.018680,0.014960,0.026222,0.001386
2013-03,0.040400,,0.045371,0.003378,0.000075,0.006138,0.002615,0.012575,0.003368,-0.007413,0.002155
2013-04,0.015600,,-0.001090,0.017012,0.000050,-0.080870,-0.001040,0.060995,0.003125,0.020864,0.007623
2013-05,0.028000,,0.053370,-0.039448,0.000033,-0.050715,0.001780,-0.022143,-0.062304,-0.046578,-0.042641
2013-06,-0.012000,,-0.001645,-0.029615,0.000042,-0.145213,0.002400,0.003228,-0.056989,-0.018111,-0.039432
2013-07,0.056500,,0.078666,-0.004854,0.000033,0.102768,0.000394,0.034247,0.014215,0.001601,0.008982
2013-08,-0.027100,,-0.038317,-0.013341,0.000033,0.061050,0.001203,-0.006921,-0.023192,-0.003312,-0.017062
2013-09,0.037700,,0.056076,0.014461,0.000017,-0.048934,0.001163,-0.014702,0.018959,0.025935,0.016750
2013-10,0.041700,,0.039547,0.008293,0.000042,-0.001885,-0.002575,0.025221,0.001238,-0.008951,0.004484
2013-11,0.031100,,0.044652,-0.013389,0.000058,-0.053625,-0.002042,0.036445,-0.020375,-0.019016,-0.010417
2013-12,0.028100,,0.018890,-0.022376,0.000058,-0.038707,-0.000086,0.016561,-0.015772,-0.019785,-0.016023
2014-01,-0.033200,,-0.036779,0.034583,0.000033,0.038605,0.003720,-0.046535,0.034529,0.046162,0.021572
2014-02,0.046600,,0.051794,0.003092,0.000042,0.060352,0.003698,-0.009170,0.004685,-0.002262,0.003017
2014-03,0.004300,,0.013297,-0.003829,0.000042,-0.026197,0.006440,0.011627,-0.005458,-0.001720,-0.004664
2014-04,-0.001800,,-0.026802,0.007472,0.000025,-0.002516,0.003297,-0.001072,0.015503,0.022230,0.013605
2014-05,0.020500,,0.000760,0.018838,0.000025,-0.029492,0.003493,-0.002241,0.024541,0.021892,0.019388
2014-06,0.026000,,0.044411,-0.002294,0.000033,0.051579,0.001862,0.023214,-0.000271,-0.006127,0.003884
2014-07,-0.020300,,-0.054068,-0.002242,0.000025,-0.022624,-0.000390,-0.006240,-0.002641,0.000412,0.000000
2014-08,0.042400,,0.044588,0.022390,0.000025,0.000389,-0.001671,0.034161,0.003227,0.020812,0.005143
2014-09,-0.019600,,-0.064667,-0.012876,0.000017,-0.053860,0.000753,0.039648,-0.032172,-0.011930,-0.024854
2014-10,0.025100,,0.051491,0.017060,0.000017,-0.042951,-0.002512,0.008296,0.010363,0.010498,0.007496
2014-11,0.025600,,-0.010462,0.017045,0.000017,0.015890,-0.005399,0.084682,0.002546,0.005936,0.002977
2014-12,-0.000500,,0.032203,0.002705,0.000025,0.019658,-0.005670,0.045932,-0.016438,-0.000869,-0.009048
2015-01,-0.031000,,-0.051742,0.046396,0.000025,0.044983,-0.004706,0.129673,0.040679,0.028374,0.031108
2015-02,0.061300,,0.051776,-0.027255,0.000017,-0.036699,0.004343,-0.025573,-0.007606,-0.042375,-0.013981
2015-03,-0.011100,,0.011958,0.007056,0.000025,-0.022241,0.005952,0.058642,0.005045,0.028960,-0.004255
2015-04,0.005900,,-0.006868,-0.008209,0.000017,-0.005687,0.002033,-0.065829,0.006663,-0.007651,0.006746
2015-05,0.013700,,0.009509,-0.004523,0.000017,0.009447,0.005097,0.013881,-0.013157,0.006505,-0.010424
2015-06,-0.015200,,0.006348,-0.018474,0.000017,-0.017123,0.003503,-0.057736,-0.010687,-0.015566,-0.009030
2015-07,0.015700,,-0.056538,0.015257,0.000025,-0.061998,0.000067,0.087418,0.002563,0.020886,0.004556
2015-08,-0.060200,,-0.033119,0.000947,0.000058,0.033321,-0.001416,-0.017788,-0.017193,-0.008446,-0.009070
2015-09,-0.030600,,-0.047033,0.015234,0.000017,-0.018502,-0.001557,0.030599,-0.006481,0.015488,-0.004577
2015-10,0.077500,,0.057143,-0.007167,0.000017,0.025449,-0.000450,-0.006659,0.003573,-0.019277,0.002299
2015-11,0.005700,,0.036356,-0.002631,0.000100,-0.070425,-0.002111,0.043046,-0.001577,-0.000763,-0.001529
2015-12,-0.021400,,-0.067883,-0.003459,0.000192,-0.001789,-0.003417,-0.003496,-0.015646,-0.007923,-0.009491
2016-01,-0.057300,,-0.069385,0.031531,0.000217,0.048868,0.001653,0.028718,0.022903,0.038389,0.015576
2016-02,-0.000400,,0.003672,0.019761,0.000258,0.110721,0.000823,0.017240,0.020270,0.006520,0.010736
2016-03,0.069700,,0.084056,-0.002172,0.000242,0.001701,0.004306,-0.052146,0.022113,-0.005386,0.018968
2016-04,0.009300,,0.038426,-0.003032,0.000192,0.039329,0.004741,-0.048029,0.006917,0.006548,0.001490
2016-05,0.017900,,0.005333,0.000622,0.000225,-0.057208,0.004046,0.011932,-0.010767,0.006410,-0.006692
2016-06,-0.000100,,-0.000494,0.033688,0.000225,0.089638,0.003284,0.071042,0.025155,0.036074,0.022606
2016-07,0.039600,,0.057207,0.004002,0.000250,0.016089,-0.001618,-0.008268,0.002707,-0.008175,0.006589
2016-08,0.005100,,0.032584,-0.009758,0.000250,-0.024404,0.000918,-0.016708,-0.008719,-0.009419,-0.004364
2016-09,0.002900,,0.016961,-0.000511,0.000242,0.010120,0.002404,0.013438,0.012153,0.008373,0.007305
2016-10,-0.019900,,-0.030215,-0.020331,0.000275,-0.038185,0.001247,-0.034330,-0.008175,-0.024820,-0.005076
2016-11,0.048700,,0.149336,-0.045061,0.000375,-0.073821,-0.001555,-0.048989,-0.032237,-0.047132,-0.020408
2016-12,0.018400,,0.044654,-0.005030,0.000425,-0.027332,0.000327,-0.040056,-0.006499,0.011994,-0.013413
2017-01,0.019800,,-0.006869,0.002042,0.000425,0.058382,0.005828,0.004859,0.020293,0.003208,0.010016
2017-02,0.035900,,0.002892,0.009958,0.000433,0.035290,0.003146,0.039961,0.010152,0.012334,0.003814
2017-03,0.002000,,-0.006877,-0.001545,0.000617,-0.008562,0.000813,-0.016581,-0.006682,-0.006149,0.000075
2017-04,0.011300,,0.006439,0.011709,0.000667,0.017351,0.002966,-0.023801,0.010582,0.011276,0.004563
2017-05,0.011300,,-0.037997,0.008998,0.000742,-0.000197,0.000855,0.006258,-0.000827,0.007346,0.000000
2017-06,0.008500,,0.033905,-0.006976,0.000817,-0.018915,0.000907,-0.010019,-0.016502,-0.019045,-0.009542
2017-07,0.019500,,0.006084,0.002807,0.000892,0.020366,-0.000690,-0.000575,0.006632,0.012316,0.005356
2017-08,0.002700,,-0.023949,0.017939,0.000842,0.034870,0.002994,-0.002490,0.015951,0.017643,0.009132
2017-09,0.025800,,0.083321,-0.016732,0.000858,-0.021841,0.005295,0.022335,-0.005766,-0.012091,-0.007115
2017-10,0.023500,,0.009564,-0.002452,0.000892,-0.010093,-0.000632,0.025051,-0.001550,-0.000312,0.002293
2017-11,0.032000,,0.026090,-0.001525,0.001025,0.007912,0.000024,-0.012808,-0.005103,-0.000345,0.000763
2017-12,0.011500,,-0.000086,0.003772,0.001100,0.008436,-0.000588,0.044088,0.012889,0.010142,0.008652
2018-01,0.056900,,0.017317,-0.025650,0.001175,0.041867,0.005448,0.017933,-0.007999,-0.030148,-0.009202
2018-02,-0.035300,,-0.037691,-0.010599,0.001308,-0.020222,0.004535,-0.053390,-0.007880,0.002011,-0.009288
2018-03,-0.022300,,0.019093,0.013614,0.001417,0.004553,0.002261,-0.011999,0.009017,0.005497,0.009234
2018-04,0.004100,,0.023296,-0.015658,0.001467,-0.008045,0.003975,0.011081,-0.003256,-0.013935,-0.000776
2018-05,0.028000,,0.057217,0.012771,0.001550,-0.005978,0.004159,-0.019541,0.007785,0.026749,0.002331
2018-06,0.006300,,0.005879,0.000641,0.001583,-0.042058,0.001594,0.001098,0.003620,-0.004051,0.006167
2018-07,0.033600,,0.010789,-0.007018,0.001633,-0.023592,0.000067,-0.001166,-0.011943,-0.004971,-0.004651
2018-08,0.036100,,0.023459,0.011048,0.001692,-0.015152,0.000556,0.029069,0.006696,0.015104,0.006231
2018-09,0.002100,,-0.028169,-0.013771,0.001775,-0.012641,0.001162,-0.012945,-0.011078,-0.016631,-0.009438
2018-10,-0.074600,,-0.091622,-0.005919,0.001875,0.023331,0.001767,-0.003486,-0.015725,-0.004022,-0.014173
2018-11,0.018900,,0.009389,0.014551,0.001942,0.002140,-0.003349,-0.023775,0.003239,0.009515,0.003994
2018-12,-0.093600,,-0.126404,0.030200,0.001975,0.050470,-0.003194,-0.004947,0.001925,0.022163,0.005067
2019-01,0.085800,,0.109497,0.007449,0.001975,0.034597,0.001907,-0.058647,0.026639,-0.004601,0.014435
2019-02,0.036000,,0.036065,-0.006445,0.001992,-0.003098,0.004227,-0.002774,0.003658,-0.003602,-0.001581
2019-03,0.012900,,-0.043175,0.030352,0.002000,-0.018004,0.005641,0.059941,0.031091,0.010254,0.018211
2019-04,0.041800,,0.032808,-0.006722,0.001983,-0.010113,0.005295,-0.001064,0.003501,0.001612,0.003111
2019-05,-0.067100,,-0.098601,0.034994,0.001958,0.010333,0.002129,0.059160,0.017328,0.044296,0.017054
2019-06,0.071700,,0.063386,0.014320,0.001808,0.087569,0.000199,-0.001957,0.008160,-0.002012,0.008040
2019-07,0.014200,,-0.005672,-0.000122,0.001750,0.013165,0.001671,0.028227,0.004508,0.003832,0.002278
2019-08,-0.023900,,-0.081016,0.049432,0.001625,0.070646,-0.000051,0.103209,0.029321,0.050530,0.022727
2019-09,0.015900,,0.055824,-0.015129,0.001575,-0.028199,0.000783,-0.056030,-0.018981,-0.026832,-0.010668
2019-10,0.022200,,0.006561,0.000491,0.001375,0.017269,0.002286,-0.037593,0.002514,0.009479,-0.001507
2019-11,0.039900,,0.034510,-0.006740,0.001283,-0.033621,-0.000536,-0.000076,-0.001533,-0.005686,0.002264
2019-12,0.029100,,0.048009,-0.011104,0.001283,0.037393,-0.000910,-0.027284,-0.000555,-0.011102,0.003909
2020-01,0.000200,,-0.081554,0.039229,0.001267,0.045849,0.003880,0.017922,0.036185,0.047379,0.021244
2020-02,-0.080300,,-0.099621,0.036812,0.001267,0.016191,0.002741,0.013861,0.015206,0.029519,0.009658
2020-03,-0.132500,,-0.278606,0.042068,0.000242,-0.000559,-0.002176,0.091522,-0.019817,0.005652,-0.013098
2020-04,0.136000,,0.156046,0.006340,0.000117,0.058299,-0.006687,-0.013201,0.023376,-0.012364,0.025354
2020-05,0.055800,,0.040385,-0.000426,0.000108,0.015240,0.000020,-0.043313,0.010243,-0.001024,0.005091
2020-06,0.024600,,0.035395,-0.000417,0.000133,0.022792,0.005472,-0.016341,0.022418,0.011158,0.010854
2020-07,0.058400,,0.025213,0.011152,0.000108,0.111306,0.005058,-0.026939,0.036728,0.027967,0.022906
2020-08,0.076300,,0.053790,-0.015784,0.000083,-0.003842,0.003153,-0.024491,0.011091,-0.015595,0.009797
2020-09,-0.036300,,-0.058077,0.003471,0.000092,-0.035993,0.001393,-0.019950,-0.009548,0.004991,-0.003332
2020-10,-0.020700,,0.061986,-0.017430,0.000083,-0.002676,0.000415,0.002111,-0.012398,-0.020810,-0.006969
2020-11,0.124600,,0.196377,0.004532,0.000075,-0.063395,-0.000611,-0.074806,0.009265,0.007071,0.011930
2020-12,0.046400,,0.084115,-0.007807,0.000075,0.070948,0.000941,0.037404,0.012814,-0.004543,0.011287
2021-01,-0.000700,,0.105172,-0.016083,0.000067,-0.012609,0.004254,-0.009821,0.004684,-0.018146,0.004158
2021-02,0.028100,,0.093476,-0.029469,0.000033,-0.064894,0.005474,-0.045242,-0.027790,-0.022836,-0.017254
2021-03,0.031700,,0.071991,-0.026016,0.000025,-0.029721,0.007083,-0.000641,-0.003784,-0.015606,-0.000771
2021-04,0.049500,,0.012146,0.009652,0.000017,0.045297,0.008219,0.044201,0.021136,0.025933,0.013380
2021-05,0.003000,,0.060539,0.007777,0.000017,0.074845,0.008017,0.029331,0.014376,0.014591,0.009729
2021-06,0.027400,,-0.013579,0.013284,0.000033,-0.072002,0.009291,-0.038858,0.009924,0.024212,0.007104
2021-07,0.013400,,-0.036443,0.020747,0.000042,0.035505,0.004811,-0.034838,0.034122,0.028938,0.025535
2021-08,0.029400,,0.028112,-0.004532,0.000042,-0.005970,0.002066,0.013156,-0.010321,-0.008808,-0.001346
2021-09,-0.044000,,0.003737,-0.019098,0.000033,-0.039700,0.002716,0.010886,-0.017952,-0.013268,-0.007674
2021-10,0.066300,,0.037721,-0.001481,0.000042,0.015119,0.008308,0.064353,0.017910,0.002181,0.011065
2021-11,-0.015800,,-0.036708,0.012350,0.000042,0.019925,0.004913,-0.114706,0.018960,0.031803,0.009576
2021-12,0.032400,,0.044662,-0.007064,0.000050,0.000804,0.003073,0.050276,-0.000623,-0.006219,0.001561
2022-01,-0.061600,,-0.009903,-0.023167,0.000125,-0.005870,0.008415,0.054886,-0.030536,-0.015036,-0.018633
2022-02,-0.022800,,0.021431,-0.002121,0.000275,0.063835,0.009134,0.039567,0.018153,0.017631,0.007032
2022-03,0.030800,,0.005473,-0.041660,0.000367,0.016912,0.013351,0.101788,-0.017461,-0.032451,-0.016445
2022-04,-0.094100,,-0.055853,-0.046909,0.000633,-0.015884,0.005583,0.052378,-0.040540,-0.023563,-0.021536
2022-05,-0.003100,,0.040799,0.005843,0.000817,-0.037985,0.011024,0.004404,-0.013865,0.031071,-0.009538
2022-06,-0.083400,,-0.112006,-0.008716,0.001242,-0.011802,0.013736,-0.002399,-0.030164,0.004470,-0.030161
2022-07,0.096500,,0.087845,0.029336,0.001858,-0.035003,-0.000118,-0.050321,0.043555,0.013086,0.040689
2022-08,-0.035800,,-0.023389,-0.038386,0.002192,-0.021387,-0.000354,0.067355,-0.046528,-0.056607,-0.026316
2022-09,-0.091500,,-0.098245,-0.053044,0.002608,-0.025730,0.002151,0.049544,-0.089540,-0.035102,-0.066192
2022-10,0.080800,,0.138038,-0.018628,0.003100,-0.019590,0.004056,-0.014209,0.014486,-0.018887,0.012626
2022-11,0.049400,,0.025889,0.038050,0.003458,0.069860,-0.001010,-0.065451,0.019123,0.047297,0.018288
2022-12,-0.060500,,-0.055393,-0.013267,0.003542,0.034360,-0.003070,0.019346,-0.018909,-0.041579,-0.013286
2023-01,0.069600,,0.081888,0.033149,0.003783,0.060731,0.007995,-0.059206,0.040817,0.049376,0.021205
2023-02,-0.022300,,-0.017617,-0.029672,0.003875,-0.051614,0.005582,0.028734,-0.010584,-0.046087,-0.014950
2023-03,0.028400,,-0.093994,0.039901,0.003908,0.085005,0.003311,-0.032249,0.034173,0.060225,0.029103
2023-04,0.009700,,-0.026426,0.006237,0.004100,0.001440,0.005059,0.033119,-0.003709,-0.004632,0.000822
2023-05,0.007000,,-0.043546,-0.013657,0.004283,-0.009155,0.002518,0.028582,-0.015351,-0.009330,-0.012315
2023-06,0.068600,,0.082166,-0.010897,0.004300,-0.026548,0.003229,0.019840,-0.005493,-0.047312,-0.004536
2023-07,0.036600,,0.091670,-0.009836,0.004375,0.030540,0.001908,-0.009435,-0.002463,0.017065,0.000843
2023-08,-0.019100,,-0.054194,-0.006394,0.004417,-0.014386,0.004367,0.011031,-0.013887,0.001883,-0.008424
2023-09,-0.048000,,-0.060700,-0.036068,0.004433,-0.036966,0.002485,-0.003366,-0.030346,-0.032600,-0.018966
2023-10,-0.026800,,-0.061687,-0.018760,0.004450,0.067576,-0.000383,0.000547,-0.017230,-0.011458,-0.006999
2023-11,0.093200,,0.104042,0.044755,0.004392,0.019305,-0.002015,0.015289,0.028429,0.047606,0.026432
2023-12,0.052800,,0.152717,0.043660,0.004367,0.021101,-0.000993,-0.060828,0.036979,0.035733,0.026210
2024-01,0.012000,,-0.051020,-0.005703,0.004350,-0.012101,0.005448,0.025627,0.009663,-0.013547,0.002558
2024-02,0.054900,,0.023798,-0.017537,0.004367,-0.002533,0.006190,0.059655,-0.006519,-0.017226,-0.011054
2024-03,0.032700,,0.036760,0.007563,0.004367,0.081199,0.006464,0.040729,0.011290,0.019284,0.007223
2024-04,-0.041800,,-0.063135,-0.035004,0.004367,0.041841,0.003893,0.021261,-0.027278,-0.026769,-0.016239
2024-05,0.047700,,0.042676,0.018174,0.004375,0.017880,0.001662,0.008486,0.013656,0.029426,0.018245
2024-06,0.032100,,-0.017270,0.015731,0.004367,-0.007388,0.000338,-0.012625,0.008187,0.007929,0.007291
2024-07,0.016700,,0.130269,0.025463,0.004333,0.040928,0.001162,-0.023706,0.021008,0.027472,0.018010
2024-08,0.020800,,-0.022353,0.018088,0.004208,0.035878,0.000814,-0.030638,0.011744,0.000061,0.008425
2024-09,0.021200,,-0.001132,0.011453,0.003933,0.046392,0.001604,0.011496,0.015149,0.008568,0.014279
2024-10,-0.006100,,-0.010417,-0.034483,0.003758,0.039621,0.001151,-0.042100,-0.024549,-0.039966,-0.018288
2024-11,0.068900,,0.112187,0.011617,0.003683,-0.030393,-0.000542,0.024996,0.002598,0.029747,0.004234
2024-12,-0.028000,,-0.071094,-0.028113,0.003558,-0.015824,0.000355,0.005696,-0.027259,-0.034164,-0.016349
2025-01,0.031700,,0.019118,0.003817,0.003508,0.077785,0.006546,0.030991,0.019012,0.019162,0.012206
2025-02,-0.021100,,-0.035186,0.031110,0.003517,0.008001,0.004442,-0.015655,0.033092,0.039291,0.022394
2025-03,-0.060500,,-0.063221,0.004336,0.003500,0.098975,0.002247,-0.000165,0.005872,-0.010861,0.006583
2025-04,-0.004900,,-0.044015,0.008358,0.003508,0.060014,0.003114,-0.026346,-0.004567,0.015212,0.000839
2025-05,0.064400,,0.053216,-0.015636,0.003542,-0.007420,0.002089,-0.000781,-0.006139,-0.021595,-0.006706
2025-06,0.052000,,0.046811,0.017322,0.003525,0.003021,0.003409,-0.021945,0.014996,0.023953,0.009736
2025-07,0.023200,,0.020821,-0.006838,0.003542,0.003468,0.001510,-0.002604,-0.002617,-0.009283,0.000844
2025-08,0.022200,,0.091109,0.014886,0.003433,0.039499,0.002873,0.013872,0.018799,0.011732,0.015190
2025-09,0.037200,,0.007802,0.009166,0.003267,0.115524,0.002543,0.034388,0.006758,0.012354,0.004736
2025-10,0.023300,,-0.015645,0.007505,0.003183,0.048676,,-0.001787,-0.000735,0.004801,0.003344
2025-11,0.001700,,0.035508,0.010726,0.003150,0.044759,,0.019895,0.000747,0.009605,0.001667
2025-12,-0.000200,,0.003878,-0.009531,0.002992,0.042173,-0.000210,0.030816,-0.012617,-0.009616,-0.004718
2026-01,0.013300,,0.065470,-0.002933,0.002975,0.140586,0.003697,0.045538,0.012764,-0.003362,0.004273
2026-02,-0.008900,,0.013339,0.027132,0.003000,0.048265,0.004713,0.035790,0.024000,0.036493,0.012766
2026-03,-0.048900,,-0.006454,-0.023107,0.003008,-0.117563,0.010490,0.021794,-0.014725,-0.033689,-0.013445
2026-04,0.102400,,0.081235,-0.004383,0.003008,0.000651,0.008501,0.054550,0.013728,0.021484,0.010738
2026-05,0.052200,,0.020330,-0.000307,0.003000,-0.014182,0.006315,0.003026,-0.001454,0.009665,0.000843
2026-06,-0.007800,,0.031867,0.004503,0.003050,-0.114366,-0.003494,,-0.014498,-0.002942,-0.003370
2026-07,-0.002800,,-0.003549,-0.020591,0.003108,0.000137,-0.000102,,-0.024033,-0.028392,-0.007810
2026-08,0.028500,,0.000100,0.003958,0.003100,0.133152,0.003180,,0.008714,0.010682,0.000000
